make,Model
Honda,FitSport
Honda,FitEX-L
Honda,HR-VEX-L
Honda,OdysseyEX-L
Honda,RidgelineRTL-E
Honda,OdysseyTouring
Honda,OdysseyElite
Honda,OdysseyEX
Honda,Civic
Honda,FitLX
Honda,FitEX
Honda,Accord
Honda,HR-VLX
Honda,HR-VEX
Honda,CR-VLX
Honda,CR-VEX
Honda,OdysseyLX
Honda,CR-VEX-L
Honda,RidgelineRTS
Honda,CR-VTouring
Honda,RidgelineRT
Honda,PilotLX
Honda,OdysseySE
Honda,RidgelineRTL
Honda,RidgelineRTL-T
Honda,RidgelineSport
Honda,PilotEX
Honda,PilotTouring
Honda,PilotEX-L
Honda,RidgelineBlack
Honda,PilotElite
Honda,CR-ZLX
Honda,CR-ZEX-L
Honda,CR-ZEX
Honda,HR-V2WD
Honda,CR-VSE
Honda,HR-VAWD
Honda,Pilot2WD
Honda,Pilot4WD
Honda,CR-ZCVT
Honda,CrosstourEX
Honda,CrosstourEX-L
Honda,PilotSE
Honda,InsightLX
Honda,CR-ZManual
Honda,CR-ZAutomatic
Honda,InsightEX
Honda,InsightBase
Honda,RidgelineSE
Honda,FitAutomatic
Honda,FitManual
Honda,Fit
Honda,InsightCVT
Honda,Pilot
Honda,CR-Z3dr
Honda,Insight5dr
Honda,Fit5dr
Honda,CR-V2WD
Honda,CR-V4WD
Honda,Odyssey5dr
Honda,Ridgeline4WD
Honda,Element2WD
Honda,Element4WD
Honda,CR-V
Honda,S20002dr
Honda,Odyssey4dr
Honda,CR-VONE
Honda,OdysseyMINI
Honda,S2000Manual
Honda,InsightContinuously
Honda,Odyssey2005
Honda,CivicGX
Honda,CivicEX
Honda,CivicVP
Honda,CivicManual
Honda,CivicLX
Honda,CivicDX
Honda,CivicContinuously
Honda,OdysseyEX-RES
Honda,CivicSi
Honda,Prelude2dr
Honda,Passport4WD
Honda,InsightManual
Honda,PreludeAutomatic
Honda,Passport2WD
Honda,CivicCX
Honda,CR-VAutomatic
Honda,CivicHX
